08-10-2022 16:37:45,| Login attempt from user: Tester303 | ,Success.
08-10-2022 16:37:15,| Login attempt from user: Tester303 |,Success.
08-10-2022 16:35:03,| Login attempt from user: Tester303 |,Success.
08-10-2022 16:29:56,| Login attempt from user: Tester303 |,Success.
08-10-2022 16:25:41,| Login attempt from user: Tester303 |,Success.
08-10-2022 16:14:54,| Login attempt from user: Tester101 |,Success.
08-10-2022 16:11:34,| Login attempt from user: Tester101 |,Success.
08-10-2022 16:07:55,| Login attempt from user: Tester101 |,Success.
08-10-2022 16:07:27,| Login attempt from user: Tester101 |,Success.
08-10-2022 16:04:19,| Login attempt from user: Tester101 |,Success.
08-10-2022 15:57:02,| Login attempt from user: Tester101 |,Success.
08-10-2022 15:51:10,| Login attempt from user: Tester202 |,Success.
08-10-2022 15:51:03,| Login attempt from user: Tester202 |,Failed - Wrong password.
08-10-2022 15:50:56,| Login attempt from user: Tester202 |,Failed - Wrong password.
08-10-2022 15:50:41,| Login attempt from user: Tester101 |,Success.
08-10-2022 15:49:26,| Login attempt from user: Tester303 |,Success.
08-10-2022 15:47:26,| Login attempt from user: Tester303 |,Success.
08-10-2022 15:44:45,| Login attempt from user: Tester303 |,Success.
08-10-2022 15:44:21,| Login attempt from user: Tester303 |,Success.
08-10-2022 15:42:36,| Login attempt from user: Tester101 |,Success.
08-10-2022 15:36:01,| Login attempt from user: Tester101 |,Success.
08-10-2022 15:34:12,| Login attempt from user: Tester303 |,Success.
08-10-2022 15:31:03,| Login attempt from user: Tester202 |,Success.
08-10-2022 15:30:35,| Login attempt from user: Tester303 |,Success.
08-10-2022 15:22:40,| Login attempt from user: Tester202 |,Success.
08-10-2022 15:20:56,| Login attempt from user: Tester202 |,Success.
08-10-2022 14:53:34,| Login attempt from user: Tester101 |,Success.
08-10-2022 14:52:39,| Login attempt from user: Tester101 |,Success.
08-10-2022 14:52:36,| Login attempt from user: Tester101 |,Failed - Wrong password.
08-10-2022 14:47:33,| Login attempt from user: Tester101 |,Success.
08-10-2022 14:47:29,| Login attempt from user: Tester101 |,Failed - Wrong password.
08-10-2022 14:46:16,| Login attempt from user: Tester101 |,Success.
08-10-2022 14:46:10,| Login attempt from user: Tester303 |,Failed - Wrong password.
08-10-2022 14:40:22,| Login attempt from user: Tester101 |,Success.
08-10-2022 14:38:57,| Login attempt from user: Tester101 |,Success.
08-10-2022 14:38:54,| Login attempt from user: Tester101 |,Failed - Wrong password.
08-10-2022 14:38:51,| Login attempt from user: Tester101 |,Failed - Wrong password.
08-10-2022 14:29:25,| Login attempt from user: Tester101 |,Success.
08-10-2022 14:26:21,| Login attempt from user: Tester101 |,Success.
08-10-2022 14:26:17,| Login attempt from user: Tester101 |,Failed - Wrong password.
08-10-2022 14:13:32,| Login attempt from user: Tester101 |,Success.
08-10-2022 14:13:28,| Login attempt from user: Tester101 |,Failed - Wrong password.
08-10-2022 14:12:42,| Login attempt from user: Tester101 |,Success.
08-10-2022 14:12:36,| Login attempt from user: Tester101 |,Failed - Wrong password.
08-10-2022 14:11:39,| Login attempt from user: Tester101 |,Success.
08-10-2022 14:11:36,| Login attempt from user: Tester101 |,Failed - Wrong password.
08-10-2022 14:11:28,| Login attempt from user: Tester303 |,Success.
08-10-2022 14:11:24,| Login attempt from user: Tester303 |,Failed - Wrong password.
08-10-2022 14:10:03,| Login attempt from user: Tester101 |,Success.
08-10-2022 14:10:00,| Login attempt from user: Tester101 |,Failed - Wrong password.
08-10-2022 13:55:59,| Login attempt from user: Tester303 |,Success.
08-10-2022 13:55:52,| Login attempt from user: Tester303 |,Failed - Wrong password.
08-10-2022 13:55:36,| Login attempt from user: akali |,Success.
08-10-2022 12:22:15,| Login attempt from user: Tester101 |,Success.
08-10-2022 12:21:04,| Login attempt from user: Tester202 |,Success.
08-10-2022 12:20:33,| Login attempt from user: Tester202 |,Success.
08-10-2022 12:20:12,| Login attempt from user: Tester101 |,Success.
08-10-2022 12:17:19,| Login attempt from user: Tester303 |,Success.
08-10-2022 12:10:13,| Login attempt from user: Tester303 |,Success.
08-10-2022 12:09:53,| Login attempt from user: Tester202 |,Success.
08-10-2022 12:09:38,| Login attempt from user: Tester101 |,Success.
08-10-2022 12:09:14,| Login attempt from user: Tester202 |,Success.
08-10-2022 11:47:06,| Login attempt from user: Tester101 |,Success.
08-10-2022 11:42:31,| Login attempt from user: Tester101 |,Success.
08-10-2022 11:42:08,| Login attempt from user: Tester101 |,Success.
08-10-2022 11:40:54,| Login attempt from user: Tester101 |,Success.
08-10-2022 11:36:16,| Login attempt from user: Tester101 |,Success.
08-10-2022 11:17:30,| Login attempt from user:  |,Failed - user not exist.
08-10-2022 11:16:48,| Login attempt from user: Tester303 |,Success.
08-10-2022 11:16:19,| Login attempt from user: Tester101 |,Success.
08-10-2022 08:54:57,| Login attempt from user: Tester303 |,Success.
08-10-2022 00:28:26,| Login attempt from user: Tester303 |,Success.
08-10-2022 00:22:57,| Login attempt from user: akali |,Success.
08-10-2022 00:21:53,| Login attempt from user: akali |,Success.
08-10-2022 00:20:39,| Login attempt from user: akali |,Success.
08-10-2022 00:11:30,| Login attempt from user: akali |,Success.
07-10-2022 23:23:27,| Login attempt from user: akali |,Success.
07-10-2022 23:22:43,| Login attempt from user: Tester303 |,Success.
07-10-2022 23:21:31,| Login attempt from user: Tester303 |,Success.
07-10-2022 23:20:28,| Login attempt from user: Tester303 |,Success.
07-10-2022 22:39:08,| Login attempt from user: Tester303 |,Success.
07-10-2022 22:33:42,| Login attempt from user: Tester303 |,Success.
07-10-2022 22:30:44,| Login attempt from user: Tester303 |,Success.
07-10-2022 22:30:39,| Login attempt from user: Tester303 |,Failed - Wrong password.
07-10-2022 22:27:53,| Login attempt from user: Tester303 |,Success.
07-10-2022 22:23:40,| Login attempt from user: Tester303 |,Success.
06-10-2022 20:26:17,| Login attempt from user: Tester303 |,Success.
06-10-2022 19:50:37,| Login attempt from user: Tester303 |,Success.
06-10-2022 19:47:50,| Login attempt from user: Tester303 |,Success.
06-10-2022 19:47:24,| Login attempt from user: Tester303 |,Success.
06-10-2022 19:46:49,| Login attempt from user: Tester303 |,Success.
06-10-2022 19:27:59,| Login attempt from user: Tester303 |,Success.
06-10-2022 19:25:08,| Login attempt from user: Tester303 |,Success.
06-10-2022 19:24:12,| Login attempt from user: Tester303 |,Success.
06-10-2022 18:34:21,| Login attempt from user: Tester303 |,Success.
06-10-2022 18:25:26,| Login attempt from user: Tester202 |,Failed - Wrong password.
06-10-2022 18:23:12,| Login attempt from user: Tester303 |,Success.
06-10-2022 17:55:17,| Login attempt from user: Tester303 |,Success.
06-10-2022 17:55:13,| Login attempt from user: Tester303 |,Failed - Wrong password.
06-10-2022 17:53:07,| Login attempt from user: Tester303 |,Success.
06-10-2022 17:50:45,| Login attempt from user: Tester303 |,Success.
06-10-2022 17:50:40,| Login attempt from user: Tester303 |,Failed - Wrong password.
06-10-2022 17:47:08,| Login attempt from user: Tester303 |,Success.
06-10-2022 17:45:22,| Login attempt from user: Tester303 |,Success.
06-10-2022 17:44:33,| Login attempt from user: Tester303 |,Success.
06-10-2022 17:42:52,| Login attempt from user: Tester303 |,Success.
06-10-2022 17:32:19,| Login attempt from user: Tester303 |,Success.
06-10-2022 17:31:21,| Login attempt from user: Tester303 |,Success.
06-10-2022 17:29:33,| Login attempt from user: Tester303 |,Success.
06-10-2022 17:24:34,| Login attempt from user: Tester303 |,Success.
06-10-2022 17:21:18,| Login attempt from user: Tester303 |,Success.
06-10-2022 17:18:47,| Login attempt from user: Tester303 |,Success.
06-10-2022 17:06:17,| Login attempt from user: Tester303 |,Success.
06-10-2022 17:04:18,| Login attempt from user: Tester303 |,Success.
06-10-2022 16:58:44,| Login attempt from user: Tester303 |,Success.
06-10-2022 15:44:07,| Login attempt from user: Tester303 |,Success.
06-10-2022 15:41:43,| Login attempt from user: Tester303 |,Success.
06-10-2022 15:38:12,| Login attempt from user: Tester303 |,Success.
06-10-2022 15:36:29,| Login attempt from user: Tester303 |,Success.
06-10-2022 15:34:19,| Login attempt from user: Tester303 |,Success.
06-10-2022 15:32:35,| Login attempt from user: Tester303 |,Success.
06-10-2022 15:30:22,| Login attempt from user: Tester303 |,Success.
06-10-2022 15:27:36,| Login attempt from user: Tester303 |,Success.
06-10-2022 15:27:31,| Login attempt from user: Tester303 |,Failed - Wrong password.
06-10-2022 15:26:00,| Login attempt from user: Tester303 |,Success.
06-10-2022 15:21:14,| Login attempt from user: Tester303 |,Success.
06-10-2022 15:20:58,| Login attempt from user: Testert303 |,Failed - user not exist.
06-10-2022 15:18:31,| Login attempt from user: Tester303 |,Success.
06-10-2022 13:28:00,| Login attempt from user: Tester202 |,Success.
06-10-2022 13:27:37,| Login attempt from user: Tester303 |,Success.
06-10-2022 13:26:47,| Login attempt from user: Tester303 |,Success.
06-10-2022 13:25:28,| Login attempt from user: Tester303 |,Success.
06-10-2022 13:24:39,| Login attempt from user: Tester101 |,Success.
06-10-2022 12:30:47,| Login attempt from user: Tester101 |,Success.
05-10-2022 21:05:10,| Login attempt from user: Tester303 |,Success.
05-10-2022 21:02:41,| Login attempt from user: Tester303 |,Success.
05-10-2022 21:01:24,| Login attempt from user: Tester303 |,Failed - Wrong password.
05-10-2022 08:37:53,| Login attempt from user: Tester101 |,Success.
04-10-2022 20:16:03,| Login attempt from user: Tester101 |,Success.
04-10-2022 20:12:10,| Login attempt from user: Tester101 |,Success.
04-10-2022 20:09:53,| Login attempt from user: Tester101 |,Success.
04-10-2022 20:07:27,| Login attempt from user: Tester101 |,Success.
04-10-2022 16:08:45,| Login attempt from user: Tester101 |,Success.
04-10-2022 16:08:04,| Login attempt from user: Tester101 |,Success.
04-10-2022 16:07:29,| Login attempt from user: Tester101 |,Success.
04-10-2022 16:06:01,| Login attempt from user: Tester101 |,Success.
04-10-2022 16:04:55,| Login attempt from user: Tester101 |,Success.
03-10-2022 17:02:08,| Login attempt from user: Tester101 |,Success.
03-10-2022 16:59:44,| Login attempt from user: Kevin99008 |,Success.
03-10-2022 16:59:08,| Login attempt from user: Kevin99008 |,Success.
03-10-2022 16:59:04,| Login attempt from user: Kevin99008 |,Failed - Wrong password.
03-10-2022 16:56:41,| Login attempt from user: Tester101 |,Success.
03-10-2022 16:55:52,| Login attempt from user: Kevin99008 |,Success.
03-10-2022 16:52:58,| Login attempt from user: Kevin99008 |,Success.
03-10-2022 16:50:01,| Login attempt from user: Kevin99008 |,Success.
03-10-2022 16:49:46,| Login attempt from user: Tester101 |,Success.
03-10-2022 16:42:24,| Login attempt from user: Tester101 |,Success.
03-10-2022 16:42:10,| Login attempt from user: Kevin99008 |,Success.
03-10-2022 16:41:53,| Login attempt from user: Tester101 |,Success.
03-10-2022 16:33:02,| Login attempt from user: Tester101 |,Success.
03-10-2022 15:59:33,| Login attempt from user: Tester101 |,Success.
03-10-2022 15:55:16,| Login attempt from user: Tester101 |,Success.
03-10-2022 15:53:13,| Login attempt from user: Tester101 |,Success.
03-10-2022 14:29:55,| Login attempt from user: Tester101 |,Success.
03-10-2022 14:28:21,| Login attempt from user: Tester101 |,Success.
03-10-2022 14:28:17,| Login attempt from user: Tester101 |,Failed - Wrong password.
03-10-2022 14:00:02,| Login attempt from user: Tester303 |,Success.
03-10-2022 13:45:01,| Login attempt from user: Tester303 |,Success.
03-10-2022 13:42:17,| Login attempt from user: Tester303 |,Success.
03-10-2022 13:26:44,| Login attempt from user: Tester101 |,Success.
03-10-2022 13:19:46,| Login attempt from user: Tester303 |,Success.
03-10-2022 13:19:37,| Login attempt from user: Tester303 |,Failed - Wrong password.
03-10-2022 13:19:26,| Login attempt from user: Testr |,Failed - user not exist.
