Tester101|First|2022-10-08/15:58:28|Education|this is first report|0|true|
Tester101|Second|2022-10-08/15:58:47|Environment|This is second report|0|true|
Tester101|Third|2022-10-08/15:59:29|Scholarship|This is third report|0|false|
Tester101|Forth|2022-10-08/16:02:17|Transportation|This is forth report|0|false|
Tester101|Fifth|2022-10-08/16:02:43|Environment|This is fifth report|0|false|
Tester101|YesYesYes|2022-10-08/20:27:30|Education|I passed this subject!|0|false|
Tester101|AreYouKinddingMe|2022-10-08/20:28:10|Education|WoW I fail my exam|0|false|
auratic|never gonna give you up|2022-10-10/15:42:57|Education|never gonna let you down|0|false|
auratic|never gonna run around and desert you|2022-10-10/15:43:34|Environment|never gonna make you cry|0|false|
auratic|never gonna say goodbye|2022-10-10/15:43:48|Scholarship|never gonna tell a lie and hurt you|0|false|
auratic|We've known each other for so long|2022-10-10/15:44:00|Transportation|Your heart's been aching, but you're too shy to say it (say it)|0|false|
